"","x"
"1","Y:/CT data/[vg-project] Final Cal Scan"
"2","Y:/CT data/Alex_Fan [2014-11-01 12.00.46]"
"3","Y:/CT data/BAEn6000_VTC059_W1 [2015-09-05 17.40.40]"
"4","Y:/CT data/BAEn6000_VTC059_W2 [2015-09-06 13.36.12]"
"5","Y:/CT data/BAEn6000_VTC059W1 [2015-09-07 19.20.47]"
"6","Y:/CT data/BAEn6000_VTC061_W1 [2015-09-06 20.08.19]"
"7","Y:/CT data/BAEn6000_VTC061_W2 [2015-09-07 01.06.03]"
"8","Y:/CT data/BAEn6000_WTC058 [2015-09-13 18.07.44]"
"9","Y:/CT data/BAEn6000_WTC058_2 [2015-09-14 19.06.03]"
"10","Y:/CT data/BAEn6010_DM_Un1 [2016-01-29 14.17.24]"
"11","Y:/CT data/BAEn6010_DM_Un2_P [2016-01-31 12.07.03]"
"12","Y:/CT data/BAEn6010_DM_Un2_S [2016-01-30 14.53.59]"
"13","Y:/CT data/BAEn6010_DM_Un3_1 [2016-02-01 17.09.11]"
"14","Y:/CT data/BAEn6010_DM_Un3_2 [2016-02-01 12.45.00]"
"15","Y:/CT data/BAEn6010_DM_Un3_3 [2016-02-02 11.10.31]"
"16","Y:/CT data/BAEn6010_DM_Un5 [2016-02-02 16.16.21]"
"17","Y:/CT data/BAEn6010_DM_Un5_W10 [2016-02-03 09.32.20]"
"18","Y:/CT data/BAEn6010_DM_Un5_W3 [2016-02-04 12.25.03]"
"19","Y:/CT data/BAEn6061_A [2016-03-10 14.05.58]"
"20","Y:/CT data/BAEn6200_DM_str1 [2016-02-05 16.37.32]"
"21","Y:/CT data/BAEn6200_DM_str2 [2016-02-05 13.58.50]"
"22","Y:/CT data/Connekt_penetrator1_PCBhub [2015-08-20 14.08.13]"
"23","Y:/CT data/Connekt_penetrator2_pcbA [2015-07-21 16.13.39]"
"24","Y:/CT data/FID FINAL SCAN [2015-11-19 10.45.23]"
"25","Y:/CT data/FID1 [2015-11-17 17.39.24]"
"26","Y:/CT data/FID2 [2015-11-17 19.26.46]"
"27","Y:/CT data/FID3 [2015-11-17 21.13.59]"
"28","Y:/CT data/FID4 [2015-11-17 23.01.54]"
"29","Y:/CT data/FID5 [2015-11-18 00.49.28]"
"30","Y:/CT data/heart"
"31","Y:/CT data/Insideout_blacktest [2014-10-03 15.34.27]"
"32","Y:/CT data/JLR_alpart2 [2015-06-05 17.30.24]"
"33","Y:/CT data/JLR_alpart3 [2015-06-05 20.01.18]"
"34","Y:/CT data/JLR_connector_pos2r [2014-12-05 12.55.22]"
"35","Y:/CT data/JLR_Gael_battery"
"36","Y:/CT data/Maths_sodha_earbud [2015-03-16 11.37.09]"
"37","Y:/CT data/OUM_Plesiosaur_Skull_BS"
"38","Y:/CT data/PACET_ceramic"
"39","Y:/CT data/Results Index"
"40","Y:/CT data/test [2015-11-19 11.48.08]"
"41","Y:/CT data/test 2 [2015-11-19 11.53.26]"
"42","Y:/CT data/Training-egg [2015-09-08 11.22.54]"
"43","Y:/CT data/TVS_wheel_part6_upper_NO [2016-03-30 12.27.14]"
"44","Y:/CT data/TVS_wheel_part6_upper_NO [2016-03-30 15.51.30]"
"45","Y:/CT data/UHCW_bone_samples_S14D [2014-08-07 16.13.50]"
"46","Y:/CT data/Warnett_col_125_post_run1 [2014-08-14 10.43.58]"
"47","Y:/CT data/Warnett_col_125_pre_run1 [2014-08-13 20.11.27]"
"48","Y:/CT data/Warnett_col_145_post_run1 [2014-08-14 21.07.40]"
"49","Y:/CT data/Warnett_col_145_pre_run1 [2014-08-14 14.55.06]"
"50","Y:/CT data/Warnett_col_41_post_run1 [2014-08-12 10.43.03]"
"51","Y:/CT data/Warnett_col_41_pre_run1 [2014-08-11 15.13.52]"
"52","Y:/CT data/Warnett_col_70_post_run1 [2014-08-12 18.59.25]"
"53","Y:/CT data/Warnett_col_70_pre_run1 [2014-08-12 14.35.20]"
"54","Y:/CT data/Warnett_col_97_post_run1 [2014-08-13 15.59.53]"
"55","Y:/CT data/Warnett_col_97_pre_run1 [2014-08-13 12.04.17]"
"56","Y:/CT data/Williams_Bat1_2 [2015-11-23 14.36.40]"
"57","Y:/CT data/Williams_Bat3_4 [2015-11-24 12.19.04]"
"58","Y:/CT data/WMG_Bitkina_CF_010213 [2014-08-15 14.09.57]"
"59","Y:/CT data/WMG_Bitkina_CF_162224 [2014-08-15 15.40.28]"
"60","Y:/CT data/WMG_Clock [2015-11-27 10.50.30]"
"61","Y:/CT data/WMG_Greg_ALM"
"62","Y:/CT data/WMG_Hooper_batteries [2014-10-04 15.09.40]"
"63","Y:/CT data/WMG_Kateryna_PHC1A [2016-03-25 10.52.59]"
"64","Y:/CT data/WMG_Kateryna_PHC1B [2016-03-25 13.58.37]"
"65","Y:/CT data/WMG_Kateryna_PHC2A [2016-03-25 04.41.49]"
"66","Y:/CT data/WMG_Kateryna_PHC2B [2016-03-25 07.42.29]"
"67","Y:/CT data/WMG_Masters_battery_1430 [2014-11-15 16.32.10]"
"68","Y:/CT data/WMG_Masters_battery_fault_215 [2014-08-09 17.04.21]"
"69","Y:/CT data/WMG_Masters_battery_fault_227 [2014-08-09 22.10.41]"
"70","Y:/CT data/WMG_masters_bettery_263 [2014-08-15 19.17.30]"
"71","Y:/CT data/WMG_Nasrin_trial2 [2015-02-10 13.55.06]"
"72","Y:/CT data/WMG_violin2_ B [2014-08-16 12.12.15]"
"73","Y:/CT data/WMG_violin2_A [2014-08-16 11.33.48]"
"74","Y:/CT data/WMG_violinC [2014-08-15 12.22.17]"
"75","Y:/CT data/WMG_Warnett_Sphere1134 [2015-04-30 14.45.03]"
"76","Y:/CT data/WMG_Warnett_Sphere164 [2015-04-30 15.02.43]"
"77","Y:/CT data/WMG_Warnett_Sphere186 [2015-04-30 15.19.57]"
"78","Y:/CT data/WMG_Warnett_Sphere205 [2015-04-30 15.37.10]"
"79","Y:/CT data/WMG_Warnett_Sphere228 [2015-04-30 15.54.24]"
"80","Y:/CT data/WMG_Warnett_Sphere258 [2015-04-30 16.11.38]"
"81","Y:/CT data/WMG_Warnett_Sphere296 [2015-04-30 16.28.51]"
"82","Y:/CT data/WMG_Warnett_Sphere347 [2015-04-30 16.46.05]"
"83","Y:/CT data/WMG_Warnett_Sphere420 [2015-04-30 17.03.19]"
"84","Y:/CT data/WMG_Warnett_Sphere531 [2015-04-30 17.20.33]"
"85","Y:/CT data/WMG_Warnett_Sphere724 [2015-04-30 17.37.46]"
"86","Y:/CT data/WMG_Wispa [2015-11-27 13.30.04]"
"87","Y:/CT data/WMG_Yassin_fetabinc_1 [2015-12-02 19.12.17]"
"88","Y:/CT data/WMG_Yassin_fetabinc_1 [2015-12-03 15.53.42]"
"89","Y:/CT data/WMP_Aponi_larynx_attempt18 [2015-11-12 15.12.03]"
"90","Y:/CT data exceptions/BAE"
"91","Y:/CT data exceptions/BAE0036_RC"
"92","Y:/CT data exceptions/BAE0038_PS_ZeissTest"
"93","Y:/CT data exceptions/BAE0042_NACA [2015-07-07 12.51.40]"
"94","Y:/CT data exceptions/BAE0042_NACA2 [2015-07-08 16.27.46]"
"95","Y:/CT data exceptions/BAE0043_Ceramic1 [2015-07-22 10.02.33]"
"96","Y:/CT data exceptions/BAE0043_Ceramic2 [2015-07-22 13.37.05]"
"97","Y:/CT data exceptions/BAE0043_PottedShuntNew2 [2015-08-10 18.44.44]"
"98","Y:/CT data exceptions/BAE0043_PottedShuntNew2 [2015-08-11 11.19.44]"
"99","X:/Nikon data/Bluewater_bell_top_highfilter [2014-02-24 12.25.10]"
"100","X:/Nikon data/Bluewater_bell_top_highfilter_new [2014-02-25 10.41.39]"
"101","X:/Nikon data/Bluewater_bell_top_highfilter_new [2014-02-25 14.34.40]"
"102","X:/Nikon data/Bluewater_bell_top_highfilter_try2 [2014-02-24 16.09.49]"
"103","X:/Nikon data/Bluewater_belltop_post [2014-06-17 18.32.25]"
"104","X:/Nikon data/Bluewater_belltop_post2 [2014-06-18 12.49.47]"
"105","X:/Nikon data/BM_tablet_all"
"106","X:/Nikon data/cal1 [2013-12-17 10.38.43]"
"107","X:/Nikon data/calib1 [2013-12-16 11.28.11]"
"108","X:/Nikon data/calib2 [2013-12-16 11.43.07]"
"109","X:/Nikon data/calib3 [2013-12-16 11.57.58]"
"110","X:/Nikon data/calib4 [2013-12-16 12.12.49]"
"111","X:/Nikon data/calib5 [2013-12-16 12.27.40]"
"112","X:/Nikon data/Catapult Battery Tests"
"113","X:/Nikon data/Covpress_leak [2013-12-19 16.31.50]"
"114","X:/Nikon data/Covpress_leak2 [2013-12-20 11.07.26]"
"115","X:/Nikon data/Dave_Cooper_Valve_Pre_Test_Analysis"
"116","X:/Nikon data/Dhiren_carbonfibre [2014-02-17 11.21.10]"
"117","X:/Nikon data/Dhiren_carbonfibre_local [2014-02-18 18.05.41]"
"118","X:/Nikon data/Dhiren_small_2T [2014-03-14 12.46.03]"
"119","X:/Nikon data/Dhiren_small_2T_2 [2014-03-22 09.15.33]"
"120","X:/Nikon data/DSTL_casestudy_fragment1 [2014-02-03 12.27.58]"
"121","X:/Nikon data/Granular_retrial_a2.0r25_post [2014-02-17 17.08.01]"
"122","X:/Nikon data/Granular_retrial_a2.0r25_post 2 [2014-02-18 14.39.38]"
"123","X:/Nikon data/Granular_retrial_a2.0r25_pre [2014-02-17 14.34.43]"
"124","X:/Nikon data/Inside-Out_Demo [2014-01-13 15.54.58]"
"125","X:/Nikon data/Inside-Out_Penumbra_Investigation_x28mag [2013-11-13 13.36.44]"
"126","X:/Nikon data/Inside-Out_Rod_100W_1.4s [2014-02-10 14.44.44]"
"127","X:/Nikon data/Inside-Out_Rod_150W_1s [2014-02-10 15.19.30]"
"128","X:/Nikon data/Inside-Out_Rod_50W_2.8s [2014-02-10 14.08.38]"
"129","X:/Nikon data/Inside-Out_White_Check [2014-07-01 11.54.41]"
"130","X:/Nikon data/Inside-Out_White_Image_320kV_26.6W_30dB_4.5mmCu_1.4s [2013-10-11 17.22.19]"
"131","X:/Nikon data/JLR_capcitor [2014-04-18 11.49.25]"
"132","X:/Nikon data/JLR_relay_B2 [2014-04-01 02.46.37]"
"133","X:/Nikon data/JLR_relay_E2 [2014-03-27 08.22.47]"
"134","X:/Nikon data/JLR_relay_J4 [2014-04-01 06.40.07]"
"135","X:/Nikon data/Mathematics Bioscaffold (Smyth)"
"136","X:/Nikon data/mb1 [2013-12-17 10.47.13]"
"137","X:/Nikon data/mb2 [2013-12-17 10.59.37]"
"138","X:/Nikon data/mb3 [2013-12-17 11.12.02]"
"139","X:/Nikon data/mb4 [2013-12-17 11.24.26]"
"140","X:/Nikon data/mb4 [2013-12-17 11.36.53]"
"141","X:/Nikon data/Morgan_Bailey_plate389 [2013-11-23 14.23.21]"
"142","X:/Nikon data/Morgan_Bailey_plate389_post [2013-11-26 17.17.29]"
"143","X:/Nikon data/Morgan_Bailey_plate469 [2013-11-23 11.31.45]"
"144","X:/Nikon data/Morgan_Bailey_plate469_post [2013-11-26 14.17.02]"
"145","X:/Nikon data/Morgan_Bailey_plate515 [2013-11-23 17.52.31]"
"146","X:/Nikon data/Morgan_Bailey_plate515_post [2013-11-26 11.34.08]"
"147","X:/Nikon data/newcal1 [2014-01-28 12.15.38]"
"148","X:/Nikon data/newcal3 [2014-01-28 12.41.07]"
"149","X:/Nikon data/newcal4 [2014-01-28 12.53.49]"
"150","X:/Nikon data/newcal4 [2014-01-28 13.06.30]"
"151","X:/Nikon data/newcalr1 [2014-01-28 15.31.08]"
"152","X:/Nikon data/newcalr2 [2014-01-28 15.43.55]"
"153","X:/Nikon data/newcalr3 [2014-01-28 15.56.38]"
"154","X:/Nikon data/newcalr4 [2014-01-28 16.09.21]"
"155","X:/Nikon data/newcalr5 [2014-01-28 16.22.02]"
"156","X:/Nikon data/ref_geom [2014-01-13 17.21.06]"
"157","X:/Nikon data/Rohit_battery_5ohm1 [2014-02-06 15.01.59]"
"158","X:/Nikon data/Rohit_battery_5ohm1 [2014-02-06 15.10.47]"
"159","X:/Nikon data/Rohit_battery_quick_newtest [2014-01-27 13.11.47]"
"160","X:/Nikon data/Simpact_APM4 [2014-01-03 12.02.14]"
"161","X:/Nikon data/Spooner_slag_crucible_000 [2013-10-20 14.11.32]"
"162","X:/Nikon data/Spooner_steel_column_all"
"163","X:/Nikon data/T_Region [2014-05-14 12.10.59]"
"164","X:/Nikon data/TMETC_Battery_Module_B [2013-10-11 13.13.59]"
"165","X:/Nikon data/TMETC_Battery_Module_Combined"
"166","X:/Nikon data/UHWC_heart_wax_new1 [2014-07-03 15.43.39]"
"167","X:/Nikon data/UoW_Dan_Norman_pacemaker_v3 [2013-10-22 17.11.38]"
"168","X:/Nikon data/UoW_Physics_N_Ramadas_Sensor_11 [2013-09-04 11.26.21]"
"169","X:/Nikon data/UoW_Physics_N_Ramadas_Sensor_11_v2 [2013-09-11 10.38.38]"
"170","X:/Nikon data/UoW_Physics_N_Ramadas_Sensor_18 [2013-09-04 15.34.52]"
"171","X:/Nikon data/UoW_Physics_N_Ramadas_Sensor_21 [2013-09-05 14.22.55]"
"172","X:/Nikon data/UoW_Physics_N_Ramadas_Sensor_Broken [2013-09-03 12.13.09]"
"173","X:/Nikon data/UoW_Physics_N_Ramadas_Sensor_Broken_v2 [2013-09-10 17.41.18]"
"174","X:/Nikon data/Warnett_col_41_post_run1 [2014-08-12 10.43.03]"
"175","X:/Nikon data/Warnett_col_41_pre_run1 [2014-08-11 15.13.52]"
"176","X:/Nikon data/Warnett_col_70_pre_run1 [2014-08-12 14.35.20]"
"177","X:/Nikon data/Warnett_col_97_post_run1 [2014-08-13 15.59.53]"
"178","X:/Nikon data/Warnett_granular_contacts [2014-04-24 10.04.54]"
"179","X:/Nikon data/Warnett_granular_spherical [2014-05-07 15.00.33]"
"180","X:/Nikon data/Wen_CF_130deg_A [2014-06-17 08.34.38]"
"181","X:/Nikon data/Wen_CF_130deg_B [2014-06-16 15.37.18]"
"182","X:/Nikon data/Wen_CF_130deg_B [2014-06-16 18.20.37]"
"183","X:/Nikon data/Wen_CF_160deg_B [2014-06-12 14.30.54]"
"184","X:/Nikon data/WMG_battery1_A [2014-06-12 19.03.06]"
"185","X:/Nikon data/WMG_catapult_battery_filter_long [2013-11-19 11.21.11]"
"186","X:/Nikon data/WMG_catapult_battery_partial_trial [2013-11-25 17.48.58]"
"187","X:/Nikon data/WMG_Ian_Masters_battery1_B [2014-06-12 22.55.16]"
"188","X:/Nikon data/WMG_Spooner_Slag_S01_D01_0Sec [2013-10-21 11.25.09]"
"189","X:/Nikon data/WMG_Wen_CF_150 [2014-07-09 09.44.12]"
